key,title,期間増加PV,期間増加スキ,稼働日数,推移PV,集計日
n58f139d7c0db,【初心者向け】Microsoft Listsとは？SharePointとの違いを最短で理解する,195,0,6,4→21→30→43→49→45→3,2026-04-05
n83185b47dcae,「毎朝の予定通知、Copilotに任せてみた」〜スケジュール機能の使い方〜,100,0,6,3→17→20→20→18→18→4,2026-04-05
n573aa06058a6,【初心者向け】OneNote×Copilotで仕事効率爆上がり！情報整理が“あとから強くなる”理由とは？,74,0,6,0→9→19→8→21→12→5,2026-04-05
na36a7021f7fd,【M365激震】Copilot無償版がOfficeアプリで制限？今のうちに企業がやるべき「効果測定」とは,71,1,6,3→19→9→15→11→12→2,2026-04-05
n048b43e39d7a,みなさんは、AIイラストを生成するとき、どこから始めますか？,58,11,6,22→7→18→3→2→5→1,2026-04-05
n4de9e18d3ff3,SharePointのハイパーリンク列に「表示名」を付ける3つの方法【Power Automate対応】,45,0,6,0→3→12→9→6→13→2,2026-04-05
nb01cd396321c,【自動化】「簡単」なのに「難しい」？Power Automateで陥る落とし穴とは,45,0,6,1→5→14→5→4→11→5,2026-04-05
n719abb57ac52,【AIシオンの画像生成入門】#127 「連続写真風」 ストーリー性がマシマシ！動きの過程を視覚化する （Microsoft365 Copilot の画像生成AIを利用したAIイラスト）,26,0,6,8→2→6→1→3→4→2,2026-04-05
n331b65e896c6,OneNoteは「下書き置き場」と割り切ると最強 📝,24,0,6,3→3→1→5→6→3→3,2026-04-05
n7a94b97c7733,疲れた朝に癒しを求めてみる【デジさしみの朝活】｜画像生成｜スキしてみて,24,3,6,10→2→4→1→2→4→1,2026-04-05
nd4b452ac0cf6,【画像生成AI入門】#17「バストアップ」キャラの魅力がグッと映える！,22,0,6,3→2→2→5→5→1→4,2026-04-05
n126a0845bdbb,Windows 11標準でGIF作れた！Snipping Tool録画→GIF化のやり方,19,0,6,0→4→3→3→2→5→2,2026-04-05
n8d589befdee2,【自己紹介】40代 会社員 M365 × 画像生成 の組み合わせで投稿？,17,3,6,1→6→2→1→2→4→1,2026-04-05
n6e39c6eee69e,【AIシオンの画像生成入門】#125 「バックビュー」 後ろ姿の指定で没入感たっぷりのイラストへ （Microsoft365 Copilot の画像生成AIを利用したAIイラスト）,16,2,6,3→1→4→1→2→4→1,2026-04-05
n94037b278329,【AIシオンの画像生成入門】#122 「フレームアウト」 はみ出すだけで躍動感が段違い！ （Microsoft365 Copilot の画像生成AIを利用したAIイラスト）,16,1,6,3→3→1→3→2→3→1,2026-04-05
n3e5aae75668f,Copilotで素材画像を作ってみた【デジさしみの朝活】｜画像生成｜スキしてみて,15,1,6,6→1→1→1→1→3→2,2026-04-05
ne88a1bc97f40,【AIシオンの画像生成入門】#126 「逆さ構図」 空に落ちる！？ダイナミックな非日常アート！ （Microsoft365 Copilot の画像生成AIを利用したAIイラスト）,13,1,6,3→1→2→1→1→3→2,2026-04-05
n46f972a25135,なぜ私は有料記事を書けないのか？——奪われてきた「自分の値段」,12,2,6,2→3→2→1→1→2→1,2026-04-05
n012f9927f3b7,【画像生成AI入門】#20 「オーバーショルダー」背中越しの視点が生む没入感とは？,11,0,6,1→2→1→1→1→3→2,2026-04-05
n6d46f23f24ef,【AIシオンの画像生成入門】#124 「フロントビュー」 正面構図でキャラの魅力アップ✨ （Microsoft365 Copilot の画像生成AIを利用したAIイラスト）,10,1,6,1→2→1→1→1→2→2,2026-04-05
n89b907820961,【AIシオンの画像生成入門】#118 「ピクセルアート」カクカクが可愛い！レトロな魅力 #Copilot #Gemini #AIイラスト #画像生成AI,26,1,5,16→2→3→0→3→1→1,2026-04-05
nfcdb32c157bd,【M365管理者向け】 Teams外部チャットを安全に止める方法⚠️便利さの裏に潜むリスク,21,0,5,0→4→10→3→2→2→0,2026-04-05
n099c451d32c5,【画像生成AI入門】#64 「ミリタリー」キャラが強く見える定番ワードまとめ,18,0,5,3→5→2→1→4→0→3,2026-04-05
nf9a4d90da5aa,【デジさしみSharePoint攻略】Teamsで保存したファイルはどこ❓｜SharePointサイトが増える理由と保存先の仕組み✅ IT初心者向けMicrosoft365業務効率化,18,0,5,0→2→1→4→3→8→0,2026-04-05
n0dd5336a2dd6,【デジさしみSharePoint 攻略】最初に知りたい「4つの役割」✅ | Microsoft365 初心者が最初に知るべき全体像,14,0,5,0→4→3→0→4→2→1,2026-04-05
n82e0022deabe,Excel Agent Mode解禁！今すぐ作業を丸投げしよう【デジさしみの業務効率化】,13,1,5,2→4→1→1→4→1→0,2026-04-05
naf2a9ee130d3,【note分析レポート #2】無意識のSEO/AIOが効いていた2ヶ月目（）の記録,13,1,5,0→1→3→3→2→0→4,2026-04-05
n140a86afc1fd,何気なく右クリックしたら便利すぎた❗Edgeの「Copilotで要約」が想像以上でした | MicrosoftEdge | Copilot | 生成AI | ブラウザ活用 | 情報収集 | 要約機能,11,0,5,2→2→1→3→1→2→0,2026-04-05
n7a3eec5a2fa0,【2025年8月版】3大AI「ディープリサーチ」徹底比較：あなたに最適なのはどれ？,11,0,5,0→1→1→0→3→4→2,2026-04-05
n465a50ff559d,noteのデータをExcelでコネコネしてみた【デジさしみのAI実験室】 vol.006,10,3,5,1→0→1→3→1→3→1,2026-04-05
n6f4733e55fbe,【画像生成AI入門】#19 「クローズアップ」って何？感情を伝える画像を作ろう,10,0,5,3→1→1→1→2→0→2,2026-04-05
n79cae69d45cd,【ご報告】資格試験 PL-900 受験 ＆ 合格してきました,10,0,5,1→0→1→1→2→2→3,2026-04-05
nf160e8786e4d,月曜だからこそ元気よく！【デジさしみの朝活】｜画像生成｜スキしてみて,10,1,5,3→0→1→1→1→2→2,2026-04-05
n799d8680584b,【画像生成AI入門】#74 「リュック」 背中に足すだけで印象アップ,9,0,5,1→1→0→1→2→3→1,2026-04-05
n94d926a94f2b,水族館に行こう！（２）【デジさしみの朝活】｜画像生成｜スキしてみて,9,2,5,1→0→2→1→1→2→2,2026-04-05
na660c9733b3f,【AIシオンの画像生成入門】#123 「サイドビュー」 視線を外して背景と馴染ませるテクニック （Microsoft365 Copilot の画像生成AI機能を利用したAIイラスト解説）,9,0,5,1→2→2→1→1→2→0,2026-04-05
n7b1b21e29b53,水族館に行こう！（１）【デジさしみの朝活】｜画像生成｜スキしてみて,8,1,5,0→0→2→1→2→2→1,2026-04-05
neef6d1696620,【AIシオンとデジさしみの画像生成入門】#EX018 「激映えする構図」いつもとは違う角度×2を考えてみる（後編） ,8,0,5,0→2→2→1→1→2→0,2026-04-05
n4073c9414fbf,【AI シオンの画像生成入門】#96 「レンズフレア」写真っぽさとリアリティが激変する光表現テクニック🎨,17,3,4,2→0→0→3→7→1→4,2026-04-05
n4982f548a357,「デジさしみ」のお品書き,15,6,4,3→1→0→0→4→2→5,2026-04-05
n499cc79b529d,法人版CopilotでAIイラスト！？「アカリウム」参加記念にサイバー水族館で泳いでみました🐟,11,2,4,0→0→6→2→2→1→0,2026-04-05
ncb03766f1808,【画像生成AI入門】#11「広角・ローアングル」ってどんな世界？視点を変えるだけで劇的変化！,11,0,4,0→0→5→2→3→1→0,2026-04-05
n5de47a30231f,【画像生成AI入門】#80「魔法陣」背景が寂しい…を救ってくれた魔法の一語,10,0,4,2→1→2→0→3→2→0,2026-04-05
n941e80af75b5,最近流行りのAIに「私の扱い方」を聞いてみたら、思ったより好かれていて安心した話,10,0,4,0→0→2→0→4→2→2,2026-04-05
n18e88547ce15,【AIシオンとデジさしみの画像生成入門】#EX017 「激映えする構図」いつもとは違う角度×2を考えてみる（前編）,9,0,4,3→1→2→0→1→2→0,2026-04-05
n454ceef8949b,【note分析レポート #3】少しずつ成長。SEOは強い？3ヶ月目の記録,9,1,4,0→1→2→0→2→0→4,2026-04-05
n1a0876674f96,【AIシオンの画像生成入門】#114 「レトロ」懐かしのフィルム感がエモさを引き立てる！ #Copilot / #Gemini 画像比較・解説 毎日投稿 毎日更新,7,0,4,0→1→0→0→4→1→1,2026-04-05
n8e7f55b4d332,【画像生成AI入門】#78「ネオン看板」夜の街を一瞬でエモく変える光のマジック,7,0,4,0→3→0→1→1→2→0,2026-04-05
n191c1efd46ac,【AIシオンの画像生成入門】#112 「サイケデリック」 目のチカチカが癖になる！超ド派手な演出術✨ #Copilot / #Gemini 画像比較・解説 毎日投稿 毎日note,6,0,4,0→0→1→1→1→3→0,2026-04-05
n3681db31bfbc,Teams使ってなくても招待が届く？アップデートの影響と注意点,6,0,4,0→2→2→0→1→0→1,2026-04-05
nbe7315e62db4,【画像生成AI入門】「サイバーパンク」ってどんな世界？未来×退廃の魅力をプロンプトで再現！,6,0,4,0→3→0→1→1→0→1,2026-04-05
nccae5f0e210e,Excel Agent Modeでnoteのダッシュボードを解析してみる【デジさしみのAI実験室】 vol.005,6,0,4,0→0→0→1→2→2→1,2026-04-05
nefea123284ce,【独占検証】Copilot PagesがClaude超え？Chat連携で本当に業務が加速した話,6,0,4,0→2→1→0→1→2→0,2026-04-05
nf03589f732c9,【AIシオンの画像生成入門】#104 「日本庭園」味気ない背景が、静寂に包まれる本格美景に！🎨  毎日投稿 毎日note 画像比較・解説 Copilot GPTImage1.5 / Gemini NanoBananaPro プロンプト付き,6,1,4,0→0→1→0→2→1→2,2026-04-05
nf91d521d54bc,【画像生成AI入門】#27 「セピア」で一気にノスタルジックに！色調ひとつで変わる世界,6,0,4,1→1→0→0→1→1→2,2026-04-05
n2fa144e3e7c4,【AIシオンの画像生成入門】#121 「フレームイン」窮屈な画面から卒業！開放的な一枚へ （Microsoft365 Copilot の画像生成AIを利用したAIイラスト）,5,0,4,0→0→1→1→1→2→0,2026-04-05
n71943eb46c98,【AIシオンの画像生成入門】#119 「フラットデザイン」カクカクが可愛い！レトロな魅力 #Copilot #Gemini #AIイラスト #画像生成AI,5,0,4,1→1→0→1→1→1→0,2026-04-05
nc6f93c479744,いろいろ試してみようと思う【デジさしみの朝活】｜画像生成｜スキしてみて,5,0,4,0→0→1→1→1→2→0,2026-04-05
nd4461e9d4c30,【AIシオンの画像生成入門】#111 「フォトリアル」えっ、これAIなの？と驚かせる画像生成術 Copilot GPTImage1.5 / Gemini NanoBananaPro 画像比較・解説 毎日投稿 毎日note,5,0,4,1→1→0→0→1→1→1,2026-04-05
n4fd7f3b7415a,【AIシオンの画像生成入門】#113 「ロー・ポリゴン」3Dゲーム風の可愛さをAIで再現してみよう！ #Gemini / #Copilot 画像比較・解説 毎日投稿 毎日note,4,0,4,0→1→0→0→1→1→1,2026-04-05
n513573c02a0f,Nanobanana2 が実装されたらしいので、画像生成して遊んでみた,4,0,4,0→0→1→1→1→1→0,2026-04-05
nf1cb02244f67,「AIがPCを持つ」時代へ—Project Opalの魅力を語る🎉,10,0,3,1→2→0→0→4→3→0,2026-04-05
n13bc96c307b4,生成AIは「デジタルさしみ」を理解できるのか？ 主要 画像生成AI 徹底比較 （2026/3 版）【5つの生成AIで比較！ | ChatGPT | Copilot | Gemini | Grok | Stable Diffusion 】,9,0,3,0→0→0→0→3→5→1,2026-04-05
n6b033d57888c,【画像生成AI入門】#16「シンメトリー構図」なぜ“左右対称”の構図は美しく見えるのか？,9,0,3,2→0→5→1→1→0→0,2026-04-05
n002181061da5,【画像生成AI入門】#33 「ヴィネット追加」で主題が際立つ！画像の印象を一気に深めるテクニック,8,0,3,4→0→1→1→0→2→0,2026-04-05
nbf97c27dfb34,【AIシオンの画像生成入門】#116 「ゴシック」不気味で美しい！理想のダークファンタジー #Copilot / #Gemini #AIイラスト,7,2,3,2→0→0→0→2→2→1,2026-04-05
n03e4a7767952,サイバーの海から始まる月曜日の朝,6,1,3,0→0→0→3→1→2→0,2026-04-05
n1549fb2754cb,【自己紹介】40代 不器用な会社員が画像生成の勉強を始めた理由！（画像生成AI、AIイラスト、M365、Excel、ワーパパ、ChatGPT、Gemini、エッセイ、フォロワー、記事）,6,0,3,0→1→2→0→3→0→0,2026-04-05
n98cbca56f702,【AIシオンの画像生成入門】#106 「森林」光のプロンプトで激変！幻想的な森の作り方 Copilot GPTImage1.5 / Gemini NanoBananaPro 画像比較・解説,5,0,3,1→0→0→0→2→1→1,2026-04-05
nb35d7b3e58e3,よし、雑記を書こう,5,0,3,1→0→0→1→1→2→0,2026-04-05
ne215d1848b23,【AI シオンの画像生成入門】#91 「光の粒子」キラキラを味方につけて奥行きのある1枚を🎨,5,0,3,1→0→2→1→1→0→0,2026-04-05
nf4323e05cf1c,【AI シオンの画像生成入門】#93 「炎」一瞬でドラマチック！画面に熱量を加える魔法の言葉🎨,5,0,3,1→0→1→0→2→0→1,2026-04-05
n01b77fa4d654,【画像生成AI入門】#79「ホログラム端末」光るディスプレイで近未来を演出,4,0,3,0→0→1→1→2→0→0,2026-04-05
n0362d1f691e7,仕事に疲れたら可愛い環境に変えたくなりませんか？｜スキしてみて❤️,4,0,3,0→0→0→1→1→2→0,2026-04-05
n0821d2026370,Microsoft365の最新情報まとめ（2025秋版）,4,0,3,0→2→0→1→1→0→0,2026-04-05
n1a42c85da59c,生成AIは「デジタルさしみ」を理解できるのか？ 主要 画像生成AI 徹底比較 （2026/2 版）【5つの 生成AI で比較！ | ChatGPT | Copilot | Gemini NanoBanana Pro | Grok | Stable Diffusion 】,4,0,3,0→0→0→0→1→2→1,2026-04-05
n1e4c5e84bc09,【画像生成AI入門】#61 「和服」キャラを綺麗に作るには？画像生成AIで押さえるべきポイント,4,0,3,0→0→0→1→0→2→1,2026-04-05
n591fe51fdb5e,【AI シオンの画像生成入門】#102 「都市の夜景」夜の光がキャラの魅力を引き立てる🎨 ｜毎日投稿 毎日note 画像比較・解説 Copilot GPTImage1.5 / Gemini NanoBananaPro プロンプト付き,4,0,3,0→1→2→0→1→0→0,2026-04-05
n6016cc750d54,【画像生成AI入門】#76 「メガネ」知的な印象を一気にプラスする魔法のアイテム,4,0,3,1→1→1→1→0→0→0,2026-04-05
n6db48843dd5f,間違っている記事を見つけたとき、あなたは指摘できますか？,4,0,3,0→0→1→0→2→1→0,2026-04-05
n7c5917c61645,朝焼けの海岸線から始まる火曜の朝,4,0,3,0→0→0→1→1→2→0,2026-04-05
nb27403fdcbdc,Copilot Pages × Chatで変わる！業務を加速する最新アップデートとは,4,0,3,1→0→0→0→1→1→1,2026-04-05
ne1e7ef60ebdf,【AI シオンの画像生成入門】#94 「煙」奥行きと空気感を出すプロンプト解説🎨 ,4,0,3,0→1→1→0→2→0→0,2026-04-05
n07140d7c5807,【AIシオンの画像生成入門】#120 「チョークアート」ぬくもり溢れる黒板アートの世界を再現 #Copilot #Gemini #AIイラスト #画像生成AI,3,0,3,0→0→0→1→1→1→0,2026-04-05
n32b3a91d3297,【AIシオンの画像生成入門】#117 「アールデコ」直線美とゴールドが映える！幾何学模様の魔法 #Copilot #Gemini #AIイラスト #画像生成AI,3,0,3,0→1→0→0→1→1→0,2026-04-05
n782a59cb667a,【AIシオンの画像生成入門】#109 「廃墟」寂しさと美しさが共存する、究極のエモ背景 Copilot GPTImage1.5 / Gemini NanoBananaPro 画像比較・解説,3,0,3,0→0→0→0→1→1→1,2026-04-05
n8d4fa1b1faab,【AI シオンの画像生成入門】#99 「モーションブラー」止まっていた世界が動き出す？🎨,3,0,3,0→0→0→0→1→1→1,2026-04-05
nb7a26e97ab1d,【AI シオンの画像生成入門】#84 「3Dレンダ」 まるで最新CG映画！立体感が爆上がりする魔法の言葉🎨,3,0,3,0→0→0→1→1→1→0,2026-04-05
nea58910887cd,IF(IF(IF(IF…が誰でも読み取れる！？Excelの“呪文みたいな関数”をCopilotに解説させてみた,3,0,3,0→1→0→0→1→1→0,2026-04-05
