key,title,累計PV,累計スキ,前日比PV,前日比スキ,-7日PV,-6日PV,-5日PV,-4日PV,-3日PV,-2日PV,-1日PV,-7日スキ,-6日スキ,-5日スキ,-4日スキ,-3日スキ,-2日スキ,-1日スキ,7日合計PV,7日合計スキ,稼働数PV,稼働数スキ,トレンドスコア,状態,集計日
n7b1b21e29b53,水族館に行こう！（１）【デジさしみの朝活】｜画像生成｜スキしてみて,223,19,65,6,0,0,0,0,0,158,65,0,0,0,0,0,13,6,223,19,2,2,223,🔥 急上昇,2026-03-22
n0362d1f691e7,仕事に疲れたら可愛い環境に変えたくなりませんか？｜スキしてみて❤️,153,19,6,1,0,0,58,70,14,5,6,0,0,10,8,0,0,1,153,19,5,3,153,🔥 急上昇,2026-03-22
n8d589befdee2,【自己紹介】40代 会社員 M365 × 画像生成 の組み合わせで投稿？,161,25,5,2,0,0,0,0,86,70,5,0,0,0,0,13,10,2,161,25,3,3,161,🔥 急上昇,2026-03-22
na660c9733b3f,【AIシオンの画像生成入門】#123 「サイドビュー」 視線を外して背景と馴染ませるテクニック （Microsoft365 Copilot の画像生成AI機能を利用したAIイラスト解説）,201,18,3,0,0,0,0,0,174,24,3,0,0,0,0,16,2,0,201,18,3,2,201,🔥 急上昇,2026-03-22
nc6f93c479744,いろいろ試してみようと思う【デジさしみの朝活】｜画像生成｜スキしてみて,179,13,3,0,0,0,0,95,67,14,3,0,0,0,9,2,2,0,179,13,4,3,179,🔥 急上昇,2026-03-22
n573aa06058a6,【初心者向け】OneNote×Copilotで仕事効率爆上がり！情報整理が“あとから強くなる”理由とは？,1883,25,3,0,4,11,16,12,12,8,3,0,0,0,0,0,0,0,66,0,7,0,-15,🟢 継続,2026-03-22
nd4b452ac0cf6,【画像生成AI入門】#17「バストアップ」キャラの魅力がグッと映える！,303,4,3,0,6,4,1,3,2,4,3,0,0,0,0,0,0,0,23,0,7,0,1,🔥 急上昇,2026-03-22
ncb03766f1808,【画像生成AI入門】#11「広角・ローアングル」ってどんな世界？視点を変えるだけで劇的変化！,205,2,3,0,1,3,1,0,3,2,3,0,0,0,0,0,0,0,13,0,6,0,-7,🟢 継続,2026-03-22
nb27403fdcbdc,Copilot Pages × Chatで変わる！業務を加速する最新アップデートとは,382,7,3,0,2,2,1,2,1,1,3,0,0,0,0,0,0,0,12,0,7,0,-5,🟢 継続,2026-03-22
n94037b278329,【AIシオンの画像生成入門】#122 「フレームアウト」 はみ出すだけで躍動感が段違い！ （Microsoft365 Copilot の画像生成AIを利用したAIイラスト）,184,15,2,0,0,0,149,12,14,7,2,0,0,13,2,0,0,0,184,15,5,2,184,🔥 急上昇,2026-03-22
n7c5917c61645,朝焼けの海岸線から始まる火曜の朝,181,18,2,0,0,61,105,5,7,1,2,0,13,5,0,0,0,0,181,18,6,2,181,🔥 急上昇,2026-03-22
n58f139d7c0db,【初心者向け】Microsoft Listsとは？SharePointとの違いを最短で理解する,3829,8,2,0,8,36,43,33,28,7,2,0,0,0,0,0,0,0,157,0,7,0,-28,🟢 継続,2026-03-22
nf9a4d90da5aa,【デジさしみSharePoint攻略】Teamsで保存したファイルはどこ❓｜SharePointサイトが増える理由と保存先の仕組み✅ IT初心者向けMicrosoft365業務効率化,757,38,2,0,4,15,13,7,5,0,2,0,0,0,0,0,0,0,46,0,6,0,-1,🟢 継続,2026-03-22
n331b65e896c6,OneNoteは「下書き置き場」と割り切ると最強 📝,261,28,2,0,9,12,7,1,7,6,2,1,1,0,0,0,0,0,44,2,7,2,-173,🟢 継続,2026-03-22
n126a0845bdbb,Windows 11標準でGIF作れた！Snipping Tool録画→GIF化のやり方,437,12,2,0,3,1,4,5,6,1,2,0,0,0,0,0,0,0,22,0,7,0,5,🔥 急上昇,2026-03-22
n099c451d32c5,【画像生成AI入門】#64 「ミリタリー」キャラが強く見える定番ワードまとめ,149,11,2,0,3,1,0,4,2,4,2,0,0,0,0,0,0,0,16,0,6,0,1,🔥 急上昇,2026-03-22
n7a3eec5a2fa0,【2025年8月版】3大AI「ディープリサーチ」徹底比較：あなたに最適なのはどれ？,608,2,2,0,1,1,2,5,2,2,2,0,0,0,0,0,0,0,15,0,7,0,-10,🟢 継続,2026-03-22
n799d8680584b,【画像生成AI入門】#74 「リュック」 背中に足すだけで印象アップ,110,10,2,0,0,0,0,2,1,1,2,0,0,0,0,0,0,0,6,0,4,0,0,🟢 継続,2026-03-22
n2fa144e3e7c4,【AIシオンの画像生成入門】#121 「フレームイン」窮屈な画面から卒業！開放的な一枚へ （Microsoft365 Copilot の画像生成AIを利用したAIイラスト）,199,13,1,0,0,168,18,3,7,2,1,0,12,1,0,0,0,0,199,13,6,2,199,🔥 急上昇,2026-03-22
n83185b47dcae,「毎朝の予定通知、Copilotに任せてみた」〜スケジュール機能の使い方〜,2105,19,1,0,8,15,24,24,11,5,1,0,0,0,0,0,0,0,88,0,7,0,-14,🟢 継続,2026-03-22
n0dd5336a2dd6,【デジさしみSharePoint 攻略】最初に知りたい「4つの役割」✅ | Microsoft365 初心者が最初に知るべき全体像,1050,57,1,0,3,15,9,9,5,3,1,0,0,0,0,0,0,0,45,0,7,0,0,🟢 継続,2026-03-22
nfcdb32c157bd,【M365管理者向け】 Teams外部チャットを安全に止める方法⚠️便利さの裏に潜むリスク,416,4,1,0,0,7,2,8,4,1,1,0,0,0,0,0,0,0,23,0,6,0,-18,🟢 継続,2026-03-22
n89b907820961,【AIシオンの画像生成入門】#118 「ピクセルアート」カクカクが可愛い！レトロな魅力 #Copilot #Gemini #AIイラスト #画像生成AI,259,30,1,0,3,3,0,3,1,1,1,1,0,1,1,0,0,0,12,3,6,3,-235,🟢 継続,2026-03-22
n4982f548a357,「デジさしみ」のお品書き,169,83,1,0,2,1,3,1,1,2,1,0,0,2,0,3,3,0,11,8,7,3,0,🟢 継続,2026-03-22
n98cbca56f702,【AIシオンの画像生成入門】#106 「森林」光のプロンプトで激変！幻想的な森の作り方 Copilot GPTImage1.5 / Gemini NanoBananaPro 画像比較・解説,220,13,1,0,2,2,3,0,1,0,1,0,0,0,0,0,0,0,9,0,5,0,-3,🟢 継続,2026-03-22
n012f9927f3b7,【画像生成AI入門】#20 「オーバーショルダー」背中越しの視点が生む没入感とは？,139,3,1,0,2,3,1,0,1,0,1,0,0,0,0,0,0,0,8,0,5,0,-8,🟢 継続,2026-03-22
n140a86afc1fd,何気なく右クリックしたら便利すぎた❗Edgeの「Copilotで要約」が想像以上でした | MicrosoftEdge | Copilot | 生成AI | ブラウザ活用 | 情報収集 | 要約機能,165,11,1,0,1,1,0,1,3,1,1,0,0,0,0,0,0,0,8,0,6,0,1,🔥 急上昇,2026-03-22
n735122a9bbd2,【AI シオンの画像生成入門】#97 「体積光」神々しい光のカーテンをプロンプトで出そう🎨,238,11,1,0,0,2,3,2,0,0,1,0,0,0,0,0,0,0,8,0,4,0,0,🟢 継続,2026-03-22
n941e80af75b5,最近流行りのAIに「私の扱い方」を聞いてみたら、思ったより好かれていて安心した話,190,21,1,0,0,0,0,0,5,0,1,0,0,0,0,0,0,0,6,0,2,0,-1,🟢 継続,2026-03-22
nc7de4bfd106c,【画像生成AI入門】#69 「パーカー」で雰囲気が激変！自然でかわいい人物を作るプロンプトのコツ,205,14,1,0,0,3,0,1,1,0,1,0,0,0,0,0,0,0,6,0,4,0,-3,🟢 継続,2026-03-22
n5de47a30231f,【画像生成AI入門】#80「魔法陣」背景が寂しい…を救ってくれた魔法の一語,110,20,1,0,0,0,2,1,1,0,1,0,0,0,0,0,0,0,5,0,4,0,0,🟢 継続,2026-03-22
n1e4c5e84bc09,【画像生成AI入門】#61 「和服」キャラを綺麗に作るには？画像生成AIで押さえるべきポイント,88,7,1,0,0,2,0,1,0,0,1,0,0,0,0,0,0,0,4,0,3,0,4,🔥 急上昇,2026-03-22
n550e0e072349,「Copilot エージェント Excel」と「Agent Mode」って何が違うの？深夜1時の雑談比較まとめ,183,6,1,0,0,2,0,1,0,0,1,0,0,0,0,0,0,0,4,0,3,0,1,🔥 急上昇,2026-03-22
n64e4861fdffd,【画像生成AI入門】#35 「グロー効果」で“ふわっと輝く”夜を演出してみよう,90,9,1,0,0,0,0,0,1,2,1,0,0,0,0,0,0,0,4,0,3,0,4,🔥 急上昇,2026-03-22
n513573c02a0f,Nanobanana2 が実装されたらしいので、画像生成して遊んでみた,293,37,1,0,1,0,0,0,1,0,1,1,1,0,0,0,0,0,3,2,3,2,-11,🟢 継続,2026-03-22
n8e7f55b4d332,【画像生成AI入門】#78「ネオン看板」夜の街を一瞬でエモく変える光のマジック,125,14,1,0,0,0,1,0,1,0,1,0,0,0,0,0,0,0,3,0,3,0,1,🔥 急上昇,2026-03-22
nbf97c27dfb34,【AIシオンの画像生成入門】#116 「ゴシック」不気味で美しい！理想のダークファンタジー #Copilot / #Gemini #AIイラスト,214,24,1,0,0,0,0,0,1,1,1,0,1,0,0,0,0,0,3,1,3,1,-34,🟢 継続,2026-03-22
nd8629c72167b,【画像生成AI入門】#77「 提灯 」和風プロンプトの決定版！温かな光を添える方法,141,25,1,0,0,2,0,0,0,0,1,0,0,0,0,0,0,0,3,0,2,0,1,🔥 急上昇,2026-03-22
ne215d1848b23,【AI シオンの画像生成入門】#91 「光の粒子」キラキラを味方につけて奥行きのある1枚を🎨,102,12,1,0,0,1,1,0,0,0,1,0,0,0,0,0,0,0,3,0,3,0,-3,🟢 継続,2026-03-22
nf62da984e697,【AI シオンの画像生成入門】#100 「星のトレイル」いつもの夜空が幻想的な光の渦に変わる魔法！,255,22,1,0,1,0,0,1,0,0,1,0,0,0,0,0,0,0,3,0,3,0,0,🟢 継続,2026-03-22
n63318f445fe8,【画像生成AI入門】#73 「懐中時計」｜時間と物語を感じさせるAI画像の作り方,101,16,1,0,1,0,0,0,0,0,1,0,0,0,0,0,0,0,2,0,2,0,1,🔥 急上昇,2026-03-22
n7ec8e6eb27d7,【画像生成AI入門】#37「グリッチ効果」AIが作る壊れた世界の魅力とは？,80,2,1,0,0,1,0,0,0,0,1,0,0,0,0,0,0,0,2,0,2,0,-2,🟢 継続,2026-03-22
nc27e8e126759,【画像生成AI入門】#71 「傘」キャラの印象を強くする小物テクニック,59,17,1,0,1,0,0,0,0,0,1,0,0,0,0,0,0,0,2,0,2,0,2,🔥 急上昇,2026-03-22
n01b77fa4d654,【画像生成AI入門】#79「ホログラム端末」光るディスプレイで近未来を演出,105,27,1,0,0,0,0,0,0,0,1,0,0,0,0,0,0,0,1,0,1,0,1,🔥 急上昇,2026-03-22
n723190570b21,【画像生成AI入門】#15「トップダウン」上からの視点が生む“物語感”とは？,107,8,1,0,0,0,0,0,0,0,1,0,0,0,0,0,0,0,1,0,1,0,1,🔥 急上昇,2026-03-22
nd0095be42970,【画像生成AI入門】#EX004 「雪の駅前、待ち合わせ」駅前のイルミネーションで冬の街を華やかに描こう,74,13,1,0,0,0,0,0,0,0,1,0,0,0,0,0,0,0,1,0,1,0,1,🔥 急上昇,2026-03-22
ndb219aedc331,【画像生成AI入門】#06「ドット絵風」ってどんな世界？画像生成AIでレトロな魅力を再発見！,88,10,1,0,0,0,0,0,0,0,1,0,0,0,0,0,0,0,1,0,1,0,1,🔥 急上昇,2026-03-22
n03e4a7767952,サイバーの海から始まる月曜日の朝,180,18,0,0,97,64,10,3,4,2,0,12,6,0,0,0,0,0,180,18,6,2,180,⚠️ 減速,2026-03-22
nb35d7b3e58e3,よし、雑記を書こう,156,16,0,0,114,26,9,2,4,1,0,12,3,0,0,1,0,0,156,16,6,3,156,⚠️ 減速,2026-03-22
n499cc79b529d,法人版CopilotでAIイラスト！？「アカリウム」参加記念にサイバー水族館で泳いでみました🐟,222,25,0,0,24,10,8,1,5,7,0,6,1,0,0,1,3,0,55,11,6,4,-112,⚠️ 減速,2026-03-22
nb01cd396321c,【自動化】「簡単」なのに「難しい」？Power Automateで陥る落とし穴とは,882,5,0,0,5,7,9,10,7,2,0,0,0,0,0,0,0,0,40,0,6,0,-7,⚠️ 減速,2026-03-22
nccae5f0e210e,Excel Agent Modeでnoteのダッシュボードを解析してみる【デジさしみのAI実験室】 vol.005,177,17,0,0,11,10,5,0,3,0,0,0,2,0,0,1,0,0,29,3,4,2,-119,⚠️ 減速,2026-03-22
n4de9e18d3ff3,SharePointのハイパーリンク列に「表示名」を付ける3つの方法【Power Automate対応】,972,0,0,0,0,2,5,7,3,7,0,0,0,0,0,0,0,0,24,0,5,0,-20,⚠️ 減速,2026-03-22
n07140d7c5807,【AIシオンの画像生成入門】#120 「チョークアート」ぬくもり溢れる黒板アートの世界を再現 #Copilot #Gemini #AIイラスト #画像生成AI,163,12,0,0,6,5,2,1,1,1,0,1,0,0,0,0,0,0,16,1,6,1,-131,⚠️ 減速,2026-03-22
n82e0022deabe,Excel Agent Mode解禁！今すぐ作業を丸投げしよう【デジさしみの業務効率化】,817,102,0,0,2,2,2,3,4,0,0,1,1,0,0,0,0,0,13,2,5,2,-1,⚠️ 減速,2026-03-22
n1549fb2754cb,【自己紹介】40代 不器用な会社員が画像生成の勉強を始めた理由！（画像生成AI、AIイラスト、M365、Excel、ワーパパ、ChatGPT、Gemini、エッセイ、フォロワー、記事）,438,153,0,0,1,3,2,1,5,0,0,0,0,0,0,0,0,0,12,0,5,0,3,⚠️ 減速,2026-03-22
nf522191c6877,PowerAutomateの調べものに強い生成AIは？初心者向けに徹底比較！🧠🔍,262,10,0,0,3,4,1,0,1,2,0,0,0,0,0,0,0,0,11,0,5,0,3,⚠️ 減速,2026-03-22
n24e10e8ac454,Excel Agent Modeで専門用語の整理整頓！【デジさしみのAI実験室】 vol.004,178,21,0,0,5,4,0,0,1,0,0,1,0,0,0,0,0,0,10,1,3,1,-158,⚠️ 減速,2026-03-22
n71943eb46c98,【AIシオンの画像生成入門】#119 「フラットデザイン」カクカクが可愛い！レトロな魅力 #Copilot #Gemini #AIイラスト #画像生成AI,175,21,0,0,3,2,2,0,1,1,0,1,0,0,0,0,0,0,9,1,5,1,-157,⚠️ 減速,2026-03-22
n79cae69d45cd,【ご報告】資格試験 PL-900 受験 ＆ 合格してきました,308,54,0,0,0,3,1,3,0,1,0,0,0,0,0,0,0,0,8,0,4,0,-4,⚠️ 減速,2026-03-22
nd4461e9d4c30,【AIシオンの画像生成入門】#111 「フォトリアル」えっ、これAIなの？と驚かせる画像生成術 Copilot GPTImage1.5 / Gemini NanoBananaPro 画像比較・解説 毎日投稿 毎日note,310,52,0,0,1,1,0,1,1,4,0,1,0,0,0,0,1,0,8,2,5,2,-24,⚠️ 減速,2026-03-22
n0686dec28df6,GPT-5.2がリリースってCopilotも！？利用できるアプリ調べました🚀✨,620,13,0,0,0,2,1,2,1,1,0,0,0,0,0,0,0,0,7,0,5,0,-5,⚠️ 減速,2026-03-22
n1a0876674f96,【AIシオンの画像生成入門】#114 「レトロ」懐かしのフィルム感がエモさを引き立てる！ #Copilot / #Gemini 画像比較・解説 毎日投稿 毎日更新,275,30,0,0,4,0,2,0,1,0,0,0,0,0,0,0,0,0,7,0,3,0,-5,⚠️ 減速,2026-03-22
n3865315da750,【画像生成AI入門】#32 「フィルムグレイン強め」でノスタルジックな雰囲気を演出しよう,128,5,0,0,0,2,1,1,2,1,0,0,0,0,0,0,0,0,7,0,5,0,1,⚠️ 減速,2026-03-22
ncee34da719fc,【AI シオンの画像生成入門】#103 「夜の路地」初心者でも簡単！奥行きと光で魅せる背景プロンプト🎨 ｜毎日投稿 毎日note 画像比較・解説 Copilot GPTImage1.5 / Gemini NanoBananaPro プロンプト付き,223,16,0,0,1,1,2,1,1,1,0,0,0,0,0,0,0,0,7,0,6,0,-2,⚠️ 減速,2026-03-22
n13bc96c307b4,生成AIは「デジタルさしみ」を理解できるのか？ 主要 画像生成AI 徹底比較 （2026/3 版）【5つの生成AIで比較！ | ChatGPT | Copilot | Gemini | Grok | Stable Diffusion 】,236,41,0,0,1,1,1,1,2,0,0,0,1,0,1,1,0,0,6,3,5,3,-173,⚠️ 減速,2026-03-22
n18e88547ce15,【AIシオンとデジさしみの画像生成入門】#EX017 「激映えする構図」いつもとは違う角度×2を考えてみる（前編）,277,26,0,0,0,2,1,1,0,2,0,0,0,0,0,0,1,0,6,1,4,1,-5,⚠️ 減速,2026-03-22
n591fe51fdb5e,【AI シオンの画像生成入門】#102 「都市の夜景」夜の光がキャラの魅力を引き立てる🎨 ｜毎日投稿 毎日note 画像比較・解説 Copilot GPTImage1.5 / Gemini NanoBananaPro プロンプト付き,257,17,0,0,0,4,0,0,2,0,0,0,0,0,0,0,0,0,6,0,2,0,-11,⚠️ 減速,2026-03-22
nf1cb02244f67,「AIがPCを持つ」時代へ—Project Opalの魅力を語る🎉,270,8,0,0,2,1,2,1,0,0,0,0,0,0,0,0,0,0,6,0,4,0,-5,⚠️ 減速,2026-03-22
n3681db31bfbc,Teams使ってなくても招待が届く？アップデートの影響と注意点,327,11,0,0,0,1,3,1,0,0,0,0,0,0,0,0,0,0,5,0,3,0,-7,⚠️ 減速,2026-03-22
n9042f86fda54,【画像生成AI入門】#65 「ローブ」魔法みたいに世界観が深まる服装ワード,110,15,0,0,0,2,0,2,0,1,0,0,0,0,0,0,0,0,5,0,3,0,1,⚠️ 減速,2026-03-22
nf357e215de58,最強の相棒！Excel Agent Mode スターターガイド【デジさしみの業務効率化】,238,14,0,0,1,2,2,0,0,0,0,1,0,0,0,0,0,0,5,1,3,1,-1,⚠️ 減速,2026-03-22
n0821d2026370,Microsoft365の最新情報まとめ（2025秋版）,362,15,0,0,0,0,1,2,0,1,0,0,0,0,0,0,0,0,4,0,3,0,1,⚠️ 減速,2026-03-22
n67b4282bd363,【体験談あり】Power Automate × SharePoint Listsのログ管理 －その１－,169,0,0,0,1,0,0,1,1,1,0,0,0,0,0,0,0,0,4,0,4,0,-1,⚠️ 減速,2026-03-22
n7b6f85cda4eb,【画像生成AI入門】#12「標準・アイレベル」ってどんな世界？目線の高さがカギ！自然な世界観を演出,83,9,0,0,1,0,1,1,1,0,0,0,0,0,0,0,0,0,4,0,4,0,2,⚠️ 減速,2026-03-22
nbdf2ca8272df,初心者でも迷わない、AI共創ワーク——Copilot Agent Modeが変えるExcelの作り方【検証あり】,215,10,0,0,1,0,2,0,1,0,0,0,0,0,0,0,0,0,4,0,3,0,4,⚠️ 減速,2026-03-22
nd784bd97aa44,【結果は不明？】GPT-4.1？GPT-5？Copilotエージェントの正体を探ってみた,261,6,0,0,1,0,0,0,3,0,0,0,0,0,0,0,0,0,4,0,2,0,-1,⚠️ 減速,2026-03-22
nea58910887cd,IF(IF(IF(IF…が誰でも読み取れる！？Excelの“呪文みたいな関数”をCopilotに解説させてみた,232,19,0,0,1,1,0,0,2,0,0,0,0,0,0,0,0,0,4,0,3,0,-36,⚠️ 減速,2026-03-22
n0245074f9f18,【画像生成AI入門】#38 「ノイズ追加」で絵に深みを出す！AI画像の質感コントロール,104,5,0,0,0,1,0,1,0,1,0,0,0,0,0,0,0,0,3,0,3,0,-5,⚠️ 減速,2026-03-22
n161664e7c50d,3分で把握！ Copilot （法人版） GPT-Image-1.5 使い方と「 業務資料が楽になる 」注意点まとめ,176,12,0,0,1,1,0,0,0,1,0,0,0,0,0,0,0,0,3,0,3,0,-2,⚠️ 減速,2026-03-22
n47d6606780af,Copilotで情報ソースを確認していたら、自分のnote記事が出てきた話,62,6,0,0,0,1,2,0,0,0,0,0,0,0,0,0,0,0,3,0,2,0,2,⚠️ 減速,2026-03-22
n49956c4268f4,【AI シオンの画像生成入門】#95 「ボケ」主役を引き立てる背景マジック🎨,155,19,0,0,2,1,0,0,0,0,0,0,0,0,0,0,0,0,3,0,2,0,0,⚠️ 減速,2026-03-22
n6ef366a5733c,【画像生成AI入門】#53 「幸福感」初心者でも使える“幸せ表現”の作り方,60,8,0,0,0,0,1,0,2,0,0,0,0,0,0,0,0,0,3,0,2,0,0,⚠️ 減速,2026-03-22
n808c441acd13,【生成AI全滅!?】Copilotエージェントの正体とは？～生成AI 5種で徹底調査！～,239,8,0,0,0,2,1,0,0,0,0,0,0,0,0,0,0,0,3,0,2,0,3,⚠️ 減速,2026-03-22
n8a5af9431277,【画像生成AI入門】#62 近未来スーツとは？画像生成AIで“未来感の質”を高める方法,95,11,0,0,0,0,0,2,1,0,0,0,0,0,0,0,0,0,3,0,2,0,2,⚠️ 減速,2026-03-22
na86d65fdfc5e,【画像生成AI入門】#34 「色収差わずかに」がもたらす、淡くリアルな世界の作り方,129,12,0,0,1,2,0,0,0,0,0,0,0,0,0,0,0,0,3,0,2,0,2,⚠️ 減速,2026-03-22
nb3b2558cd02d,【画像生成AI入門】#49「雨」 ひとつでここまで変わる！背景・光・質感の違いを徹底比較,85,4,0,0,0,0,0,3,0,0,0,0,0,0,0,0,0,0,3,0,1,0,2,⚠️ 減速,2026-03-22
nbc44911ab0ea,【画像生成AI入門】#25 「パステルカラー」で世界が変わる！ふんわり幻想的な雰囲気の作り方,77,10,0,0,0,0,0,1,0,2,0,0,0,0,0,0,0,0,3,0,2,0,1,⚠️ 減速,2026-03-22
nc9caed6528fd,【AIシオンの画像生成入門】#110 「雲海」写真を超えた絶景！心に刺さる風景をプロンプトで作ろう Copilot GPTImage1.5 / Gemini NanoBananaPro 画像比較・解説,219,14,0,0,1,0,0,2,0,0,0,0,0,0,0,0,0,0,3,0,2,0,-3,⚠️ 減速,2026-03-22
nd1c204c69c27,【画像生成AI入門】#60 「活発」を足すだけで絵が一気に動き出す,103,11,0,0,1,0,0,0,0,2,0,0,0,0,0,0,0,0,3,0,2,0,2,⚠️ 減速,2026-03-22
n07a54bc409cc,【画像生成AI入門】#EX015「 お年玉のほほ笑み」あの小さな袋をAIに教える方法,84,19,0,0,0,0,0,2,0,0,0,0,0,0,0,0,0,0,2,0,1,0,2,⚠️ 減速,2026-03-22
n0833346576a9,【AI シオンの画像生成入門】#85 「コラージュ」 切り貼りの美学！独特な深みと質感を出す方法🎨,168,30,0,0,0,1,1,0,0,0,0,0,0,0,0,0,0,0,2,0,2,0,0,⚠️ 減速,2026-03-22
n0b8d254e9c75,【画像生成AI入門】#10「イラスト風」ってどんな世界？柔らかくて温かみのある雰囲気を！,116,3,0,0,0,0,2,0,0,0,0,0,0,0,0,0,0,0,2,0,1,0,1,⚠️ 減速,2026-03-22
n191c1efd46ac,【AIシオンの画像生成入門】#112 「サイケデリック」 目のチカチカが癖になる！超ド派手な演出術✨ #Copilot / #Gemini 画像比較・解説 毎日投稿 毎日note,271,21,0,0,0,1,0,0,0,1,0,0,0,0,0,0,0,0,2,0,2,0,-6,⚠️ 減速,2026-03-22
n1be2f0dfc00a,【画像生成AI入門】#55 「荘厳」静けさと力強さを両立するプロンプト解説,81,6,0,0,0,0,1,0,1,0,0,0,0,0,0,0,0,0,2,0,2,0,-1,⚠️ 減速,2026-03-22
n1d4f377dcf51,【画像生成AI入門】#67 「スーツ」表現のコツ｜色と小物で仕上がりが変わる理由,78,14,0,0,0,0,1,0,1,0,0,0,0,0,0,0,0,0,2,0,2,0,1,⚠️ 減速,2026-03-22
n32b3a91d3297,【AIシオンの画像生成入門】#117 「アールデコ」直線美とゴールドが映える！幾何学模様の魔法 #Copilot #Gemini #AIイラスト #画像生成AI,239,30,0,0,0,0,0,0,1,1,0,0,0,0,0,0,0,0,2,0,2,0,-46,⚠️ 減速,2026-03-22
n407c3e9a4b79,【初心者向け】あなたの仕事を劇的に変えるPower Automate活用事例 3選,311,8,0,0,0,0,0,0,2,0,0,0,0,0,0,0,0,0,2,0,1,0,-3,⚠️ 減速,2026-03-22
n5403a7c6d2cf,【AIシオンの画像生成入門】#115 「バロック」歪んだ真珠が作る美学！奥行きと迫力を生むテクニック #Copilot / #Gemini 画像比較・解説 毎日投稿 毎日更新,249,20,0,0,0,0,0,0,0,2,0,0,0,0,0,0,0,0,2,0,1,0,-21,⚠️ 減速,2026-03-22
n54a2987786da,【画像生成AI入門】#30 「青みのコールドトーン」で作る静寂と透明感の世界,92,7,0,0,0,1,1,0,0,0,0,0,0,0,0,0,0,0,2,0,2,0,-4,⚠️ 減速,2026-03-22
n55b8407968dc,【画像生成AI入門】#36 ピントの魔法！「被写界深度」で印象的な構図を作る方法🎨,50,7,0,0,0,2,0,0,0,0,0,0,0,0,0,0,0,0,2,0,1,0,0,⚠️ 減速,2026-03-22
n5aa640163349,予約投稿、やってしまいました,192,20,0,0,0,0,0,0,0,2,0,0,0,0,0,0,0,0,2,0,1,0,-4,⚠️ 減速,2026-03-22
n690cc6601fef,"【画像生成AI入門】#04「ミニマル」ってどんな世界？""シンプル""をプロンプトで再現！",49,8,0,0,1,0,0,1,0,0,0,0,0,0,0,0,0,0,2,0,2,0,-1,⚠️ 減速,2026-03-22
n6db48843dd5f,間違っている記事を見つけたとき、あなたは指摘できますか？,245,39,0,0,0,2,0,0,0,0,0,0,0,0,0,0,0,0,2,0,1,0,-25,⚠️ 減速,2026-03-22
n6f4733e55fbe,【画像生成AI入門】#19 「クローズアップ」って何？感情を伝える画像を作ろう,98,5,0,0,0,0,2,0,0,0,0,0,0,0,0,0,0,0,2,0,1,0,-6,⚠️ 減速,2026-03-22
n7453cb389d87,Excel Agent Modeの改修結果を戻す！【デジさしみのAI実験室】 vol.003,238,11,0,0,1,0,1,0,0,0,0,0,0,0,0,0,0,0,2,0,2,0,-9,⚠️ 減速,2026-03-22
n9d35b0d5051a,【画像生成AI入門】#39 「シャープ仕上げ」の効果とは？質感・光・存在感を操るテクニック,99,10,0,0,1,0,0,0,1,0,0,0,0,0,0,0,0,0,2,0,2,0,1,⚠️ 減速,2026-03-22
n9ed750802909,Excelエージェントモード実装！深夜テンションで最速レビューしてみた。できること・使い方。・・・おや、Claudeもついてきてる！？,280,6,0,0,0,1,0,1,0,0,0,0,0,0,0,0,0,0,2,0,2,0,-1,⚠️ 減速,2026-03-22
nb2fd3f879a64,Power Automate Desktopでnoteダッシュボードのデータ取得を自動化してみた話,138,14,0,0,0,0,0,2,0,0,0,0,0,0,0,0,0,0,2,0,1,0,0,⚠️ 減速,2026-03-22
nb7a26e97ab1d,【AI シオンの画像生成入門】#84 「3Dレンダ」 まるで最新CG映画！立体感が爆上がりする魔法の言葉🎨,150,25,0,0,0,0,0,2,0,0,0,0,0,0,0,0,0,0,2,0,1,0,0,⚠️ 減速,2026-03-22
nb99fc8724fba,【画像生成AI入門】#70 「ジーンズ」ラフで親しみやすい人物を作るコツ,88,11,0,0,0,0,0,0,0,2,0,0,0,0,0,0,0,0,2,0,1,0,2,⚠️ 減速,2026-03-22
nd739cc88495d,【画像生成AI入門】#40 「ぼかし」の威力とは？背景を整理して主役を際立たせる方法,53,7,0,0,0,0,0,1,0,1,0,0,0,0,0,0,0,0,2,0,2,0,2,⚠️ 減速,2026-03-22
ne1d310f4a5be,【画像生成AI入門】#45 「夜明け」はAIの解釈次第で色味が変わる！？,96,3,0,0,0,0,1,1,0,0,0,0,0,0,0,0,0,0,2,0,2,0,2,⚠️ 減速,2026-03-22
neef6d1696620,【AIシオンとデジさしみの画像生成入門】#EX018 「激映えする構図」いつもとは違う角度×2を考えてみる（後編） ,287,27,0,0,0,0,0,0,1,1,0,0,0,0,0,0,1,0,2,1,2,1,-9,⚠️ 減速,2026-03-22
nf4323e05cf1c,【AI シオンの画像生成入門】#93 「炎」一瞬でドラマチック！画面に熱量を加える魔法の言葉🎨,138,10,0,0,0,2,0,0,0,0,0,0,0,0,0,0,0,0,2,0,1,0,-2,⚠️ 減速,2026-03-22
nf91d521d54bc,【画像生成AI入門】#27 「セピア」で一気にノスタルジックに！色調ひとつで変わる世界,79,6,0,0,0,0,1,1,0,0,0,0,0,0,0,0,0,0,2,0,2,0,0,⚠️ 減速,2026-03-22
n002181061da5,【画像生成AI入門】#33 「ヴィネット追加」で主題が際立つ！画像の印象を一気に深めるテクニック,93,4,0,0,0,0,1,0,0,0,0,0,0,0,0,0,0,0,1,0,1,0,-4,⚠️ 減速,2026-03-22
n029f0f7c552a,【画像生成AI入門】#41 「春」 ― 新緑・桜・柔光…AIが自動で加える春らしさとは？,38,5,0,0,0,0,0,1,0,0,0,0,0,0,0,0,0,0,1,0,1,0,1,⚠️ 減速,2026-03-22
n1aeb4c6f69a8,【画像生成AI入門】#54 「静寂」AIが“静けさ”を読み取る仕組みと使い方,58,5,0,0,0,0,0,1,0,0,0,0,0,0,0,0,0,0,1,0,1,0,1,⚠️ 減速,2026-03-22
n1cd8b568ee65,【画像生成AI入門】#31-2 「高精細・ノイズ低め」の調整プロンプト,70,8,0,0,0,0,0,0,0,1,0,0,0,0,0,0,0,0,1,0,1,0,0,⚠️ 減速,2026-03-22
n2162844606f8,【画像生成AI入門】#51 「幻想的」 現実→夢世界へ。空気感の変化を徹底比較,46,4,0,0,0,0,1,0,0,0,0,0,0,0,0,0,0,0,1,0,1,0,0,⚠️ 減速,2026-03-22
n3f0123c5781d,【画像生成AI入門】#21 「キャンドル光」で幸福感アップ！画像生成AIで光を操る,81,8,0,0,0,0,0,1,0,0,0,0,0,0,0,0,0,0,1,0,1,0,0,⚠️ 減速,2026-03-22
n4073c9414fbf,【AI シオンの画像生成入門】#96 「レンズフレア」写真っぽさとリアリティが激変する光表現テクニック🎨,227,20,0,0,0,1,0,0,0,0,0,0,0,0,0,0,0,0,1,0,1,0,-7,⚠️ 減速,2026-03-22
n45efd0891d8a,【AI シオンの画像生成入門】#89 「アクリル」厚塗り風アートを楽しむ方法🎨,109,14,0,0,1,0,0,0,0,0,0,0,0,0,0,0,0,0,1,0,1,0,-1,⚠️ 減速,2026-03-22
n4fd7f3b7415a,【AIシオンの画像生成入門】#113 「ロー・ポリゴン」3Dゲーム風の可愛さをAIで再現してみよう！ #Gemini / #Copilot 画像比較・解説 毎日投稿 毎日note,228,20,0,0,0,1,0,0,0,0,0,0,0,0,0,0,0,0,1,0,1,0,-7,⚠️ 減速,2026-03-22
n699c738c992f,ちょっとだけ優しい気持ちになれるイラストをCopliotで作ってみた,222,23,0,0,0,0,0,0,1,0,0,0,0,0,0,0,0,0,1,0,1,0,-6,⚠️ 減速,2026-03-22
n764a76e01f40,【画像生成AI入門】#72 「古書」｜1冊置くだけで物語が生まれる理由,60,15,0,0,0,0,0,0,1,0,0,0,0,0,0,0,0,0,1,0,1,0,-1,⚠️ 減速,2026-03-22
n782a59cb667a,【AIシオンの画像生成入門】#109 「廃墟」寂しさと美しさが共存する、究極のエモ背景 Copilot GPTImage1.5 / Gemini NanoBananaPro 画像比較・解説,233,18,0,0,1,0,0,0,0,0,0,0,0,0,0,0,0,0,1,0,1,0,-6,⚠️ 減速,2026-03-22
n881e1b5f5337,【画像生成AI入門】#EX014「 おみくじを結ぶ 」情緒たっぷりな新年の1枚,88,15,0,0,0,0,0,1,0,0,0,0,0,0,0,0,0,0,1,0,1,0,0,⚠️ 減速,2026-03-22
n8e019ea72a09,【画像生成AI入門】#09「ポップアート」ってどんな世界？SNSで目立つビビッドカラーを体験！,93,7,0,0,0,0,0,1,0,0,0,0,0,0,0,0,0,0,1,0,1,0,1,⚠️ 減速,2026-03-22
n94d1b77fa2e5,はじめまして！デジさしみです。｜M365の効率化とAI画像生成、ときどき子育て,292,44,0,0,1,0,0,0,0,0,0,1,0,0,0,0,0,0,1,1,1,1,-2,⚠️ 減速,2026-03-22
n9d38a6e586ab,【画像生成AI入門】#68 「ドレス」 可憐にもゴージャスにも変化する万能ワード,83,10,0,0,0,0,0,1,0,0,0,0,0,0,0,0,0,0,1,0,1,0,0,⚠️ 減速,2026-03-22
na4b4bc733c1f,【画像生成AI入門】#56 「ノスタルジック」記憶のような世界を描く方法,74,5,0,0,1,0,0,0,0,0,0,0,0,0,0,0,0,0,1,0,1,0,-1,⚠️ 減速,2026-03-22
naac92978056d,【AI シオンの画像生成入門】#81 水彩表現を作る方法 | 💦Watercolorプロンプトで柔らかい雰囲気にするコツ🎨,160,18,0,0,0,0,0,0,0,1,0,0,0,0,0,0,0,0,1,0,1,0,0,⚠️ 減速,2026-03-22
nacc57daaa65a,Excel Agent Modeでツール改修！デジさしみのAI実験室 vol.001,190,19,0,0,1,0,0,0,0,0,0,0,0,0,0,0,0,0,1,0,1,0,-5,⚠️ 減速,2026-03-22
naf2a9ee130d3,【note分析レポート #2】無意識のSEO/AIOが効いていた2ヶ月目（）の記録,79,3,0,0,0,0,1,0,0,0,0,0,0,0,0,0,0,0,1,0,1,0,0,⚠️ 減速,2026-03-22
nb10112c27a64,“少し話したい”をもっと自然に 💬Teams 新機能を使った外部とのつながり方,187,12,0,0,1,0,0,0,0,0,0,0,0,0,0,0,0,0,1,0,1,0,-3,⚠️ 減速,2026-03-22
nb5ee1d387bd8,【画像生成AI入門】#22 「逆光のフレア」で物語が動き出す！光の演出で印象が激変する画像比較,66,12,0,0,0,0,0,0,0,1,0,0,0,0,0,0,0,0,1,0,1,0,1,⚠️ 減速,2026-03-22
ndb9323c33656,【 画像生成 AI 入門 】#EX013「大晦日の祈り 」日本の文化をAIに伝える方法,81,11,0,0,1,0,0,0,0,0,0,0,0,0,0,0,0,0,1,0,1,0,1,⚠️ 減速,2026-03-22
ne1e7ef60ebdf,【AI シオンの画像生成入門】#94 「煙」奥行きと空気感を出すプロンプト解説🎨 ,199,24,0,0,0,0,0,0,0,1,0,0,0,0,0,0,0,0,1,0,1,0,-2,⚠️ 減速,2026-03-22
ne29cd3ede4a2,【AI シオンの画像生成入門】#88 「パステル」柔らかい色使いで癒やし系イラストを生成しよう🎨,175,29,0,0,1,0,0,0,0,0,0,0,0,0,0,0,0,0,1,0,1,0,-5,⚠️ 減速,2026-03-22
ne60d666aac8e,【AIシオンの画像生成入門】#107 「雪山」反射光が美しい！透明感あふれる画像を作る秘密の言葉 Copilot GPTImage1.5 / Gemini NanoBananaPro 画像比較・解説,280,30,0,0,0,0,0,0,1,0,0,0,0,0,0,0,0,0,1,0,1,0,-6,⚠️ 減速,2026-03-22
nea5c100a4083,【保存版】業務自動化の始め方ガイド ― 失敗しないための手順と導入事例 ―,99,5,0,0,1,0,0,0,0,0,0,0,0,0,0,0,0,0,1,0,1,0,-6,⚠️ 減速,2026-03-22
nefea123284ce,【独占検証】Copilot PagesがClaude超え？Chat連携で本当に業務が加速した話,225,5,0,0,0,1,0,0,0,0,0,0,0,0,0,0,0,0,1,0,1,0,-1,⚠️ 減速,2026-03-22
nf03589f732c9,【AIシオンの画像生成入門】#104 「日本庭園」味気ない背景が、静寂に包まれる本格美景に！🎨  毎日投稿 毎日note 画像比較・解説 Copilot GPTImage1.5 / Gemini NanoBananaPro プロンプト付き,205,28,0,0,0,0,0,1,0,0,0,0,0,0,0,0,0,0,1,0,1,0,-7,⚠️ 減速,2026-03-22
nf31aad3664d1,🚀【速報】Excelの「エージェントモード」がついに一般提供へ！,132,8,0,0,0,0,0,1,0,0,0,0,0,0,0,0,0,0,1,0,1,0,1,⚠️ 減速,2026-03-22
n01c1a643afec,"【画像生成AI入門】#EX012 「年越しそば」AIに""大晦日""を理解させる方法",77,9,0,0,0,0,0,0,0,0,0,0,0,0,0,0,0,0,0,0,0,0,-1,💤 停止,2026-03-22
n03cf095d49bf,「Copilot in Excel」は画像生成の相棒になるか？🎄クリスマス編の舞台裏とAI対話術,83,12,0,0,0,0,0,0,0,0,0,0,0,0,0,0,0,0,0,0,0,0,0,💤 停止,2026-03-22
n06496e571ec6,【AIシオンの画像生成入門】#91～95　リサイクル,180,16,0,0,0,0,0,0,0,0,0,0,0,0,0,0,0,0,0,0,0,0,-5,💤 停止,2026-03-22
n0a95fbdb078a,【AI シオンの画像生成入門】#101 「未来都市」普通の街がSFの世界に？AIと描く未来図🎨,226,20,0,0,0,0,0,0,0,0,0,0,0,0,0,0,0,0,0,0,0,0,-4,💤 停止,2026-03-22
n10b0fcce8b87,書くつもりだった土日が、気づけば回復タイムになっていた話,71,7,0,0,0,0,0,0,0,0,0,0,0,0,0,0,0,0,0,0,0,0,-1,💤 停止,2026-03-22
n10e518aec64b,【AIシオンの画像生成入門】#96～100　リサイクル,178,10,0,0,0,0,0,0,0,0,0,0,0,0,0,0,0,0,0,0,0,0,-4,💤 停止,2026-03-22
n167719e4d6e2,いきなり実装しすぎです、Microsoft さん ― AI 時代のアップデートとどう付き合うか【IT管理／体験談】,98,13,0,0,0,0,0,0,0,0,0,0,0,0,0,0,0,0,0,0,0,0,0,💤 停止,2026-03-22
n184acb03bed2,【感謝】100日越えてやっと届いた。コングラボードと、続けてきた私のnote | 毎日投稿100日達成,122,19,0,0,0,0,0,0,0,0,0,0,0,0,0,0,0,0,0,0,0,0,-7,💤 停止,2026-03-22
n19c48173428a,生成AIは「デジタルさしみ」を理解できるのか？（2025/11 版）,67,6,0,0,0,0,0,0,0,0,0,0,0,0,0,0,0,0,0,0,0,0,-4,💤 停止,2026-03-22
n1a42c85da59c,生成AIは「デジタルさしみ」を理解できるのか？ 主要 画像生成AI 徹底比較 （2026/2 版）【5つの 生成AI で比較！ | ChatGPT | Copilot | Gemini NanoBanana Pro | Grok | Stable Diffusion 】,231,34,0,0,0,0,0,0,0,0,0,0,0,0,0,0,0,0,0,0,0,0,-11,💤 停止,2026-03-22
n1bbef4f588ec,"【画像生成AI入門】#03「モダン」ってどんな世界？""洗練された雰囲気""をプロンプトで再現！",45,21,0,0,0,0,0,0,0,0,0,0,0,0,0,0,0,0,0,0,0,0,0,💤 停止,2026-03-22
n1c43a7051870,note100日続けて見えた景色と、「画像生成AI入門」シリーズのリニューアル,133,21,0,0,0,0,0,0,0,0,0,0,0,0,0,0,0,0,0,0,0,0,0,💤 停止,2026-03-22
n1e26c4214d5a,【画像生成AI入門】#43 「秋」 が連れてくる“やさしい余韻”を画像で感じてみる,63,9,0,0,0,0,0,0,0,0,0,0,0,0,0,0,0,0,0,0,0,0,0,💤 停止,2026-03-22
n2071acfdb7a0,【画像生成AI入門】#44 「冬」ビジュアルが冷たく澄み切るその理由,46,7,0,0,0,0,0,0,0,0,0,0,0,0,0,0,0,0,0,0,0,0,0,💤 停止,2026-03-22
n25eaedbfb271,【画像生成AI入門】#EX002 「巨大クリスマスツリー」で冬の街を華やかに演出,76,15,0,0,0,0,0,0,0,0,0,0,0,0,0,0,0,0,0,0,0,0,0,💤 停止,2026-03-22
n26b846d3a80b,【画像生成AI入門】#75「 帽子 」ベレー帽から麦わら帽子まで、印象操作の魔法,73,12,0,0,0,0,0,0,0,0,0,0,0,0,0,0,0,0,0,0,0,0,0,💤 停止,2026-03-22
n2b2fd4693c09,三日坊主 も、 下書き地獄 も卒業したい！！ 心配性な私が note に アジャイル を持ち込んだ話,105,21,0,0,0,0,0,0,0,0,0,0,0,0,0,0,0,0,0,0,0,0,0,💤 停止,2026-03-22
n2ea1fe1bb542,「簡単に作る」の落とし穴 〜業務効率化の“あるある失敗”から学ぶ〜,44,7,0,0,0,0,0,0,0,0,0,0,0,0,0,0,0,0,0,0,0,0,0,💤 停止,2026-03-22
n2ed65c8020b1,【画像生成AI入門】#EX003 「サンタ帽×街角ポートレート」「プレゼント選び」,59,12,0,0,0,0,0,0,0,0,0,0,0,0,0,0,0,0,0,0,0,0,0,💤 停止,2026-03-22
n308cea934099,【画像生成AI入門】#23 「ネオン光」が生む幻想世界｜夜の街に命を吹き込む,77,13,0,0,0,0,0,0,0,0,0,0,0,0,0,0,0,0,0,0,0,0,0,💤 停止,2026-03-22
n3185ed356640,【画像生成AI入門】#08「ペーパークラフト」ってどんな世界？紙のアートをデジタルで再現！,67,11,0,0,0,0,0,0,0,0,0,0,0,0,0,0,0,0,0,0,0,0,0,💤 停止,2026-03-22
n388f9533d9b8,【画像生成AI入門】#EX001 「クリスマスマーケット」ホットココア片手に歩き出す冬,78,9,0,0,0,0,0,0,0,0,0,0,0,0,0,0,0,0,0,0,0,0,0,💤 停止,2026-03-22
n3acd0d0fdf62,【画像生成AI入門】🎄クリスマス特別編🍗まとめ🎯　 | 創作記録 | 生成AI | 画像生成AI | ChatGPT | Copilot | Gemini | NanoBananaPro | プロンプト | AI活用 | クリスマス | 毎日更新,76,8,0,0,0,0,0,0,0,0,0,0,0,0,0,0,0,0,0,0,0,0,0,💤 停止,2026-03-22
n414d2814923b,【画像生成AI入門】#52 「緊張感」 キャラクターの心理を伝える空気感の作り方,52,5,0,0,0,0,0,0,0,0,0,0,0,0,0,0,0,0,0,0,0,0,-1,💤 停止,2026-03-22
n454ceef8949b,【note分析レポート #3】少しずつ成長。SEOは強い？3ヶ月目の記録,50,6,0,0,0,0,0,0,0,0,0,0,0,0,0,0,0,0,0,0,0,0,0,💤 停止,2026-03-22
n47ec16119add,【画像生成AI入門】#63 「カジュアル」 画像生成AIで“等身大の魅力”を出すワード活用法,55,10,0,0,0,0,0,0,0,0,0,0,0,0,0,0,0,0,0,0,0,0,0,💤 停止,2026-03-22
n482a77a025cf,【AIシオンの画像生成入門】#105 「田園風景」都会の喧騒を忘れるノスタルジックな1枚を Copilot GPTImage1.5 / Gemini NanoBananaPro 画像比較・解説,171,22,0,0,0,0,0,0,0,0,0,0,0,0,0,0,0,0,0,0,0,0,-6,💤 停止,2026-03-22
n4a9065b365cc,"【作ってみた】画像プロンプトは""くじ引き""から！？",40,8,0,0,0,0,0,0,0,0,0,0,0,0,0,0,0,0,0,0,0,0,0,💤 停止,2026-03-22
n530c2ae448fb,生成AIは「デジタルさしみ」を理解できるのか？ 主要 画像生成AI 徹底比較 （2026/1 版）【5つの 生成AI で比較！ | ChatGPT | Copilot | Gemini NanoBanana Pro | Grok | Stable Diffusion 】,166,33,0,0,0,0,0,0,0,0,0,0,0,0,0,0,0,0,0,0,0,0,-1,💤 停止,2026-03-22
n5a3deb616dd7,【画像生成AI入門】#EX009「クリスマスの屋上」甘酸っぱくロマンチックなクリスマスを,69,11,0,0,0,0,0,0,0,0,0,0,0,0,0,0,0,0,0,0,0,0,0,💤 停止,2026-03-22
n5fcdddab2760,生成AIは「デジタルさしみ」を理解できるのか？（2025/12 版）,98,22,0,0,0,0,0,0,0,0,0,0,0,0,0,0,0,0,0,0,0,0,0,💤 停止,2026-03-22
n6016cc750d54,【画像生成AI入門】#76 「メガネ」知的な印象を一気にプラスする魔法のアイテム,109,15,0,0,0,0,0,0,0,0,0,0,0,0,0,0,0,0,0,0,0,0,0,💤 停止,2026-03-22
n6251651f6640,【AI シオンの画像生成入門】#98 「グロー」光の魔法で一気に幻想的な雰囲気に！✨🎨,244,10,0,0,0,0,0,0,0,0,0,0,0,0,0,0,0,0,0,0,0,0,-4,💤 停止,2026-03-22
n6b033d57888c,【画像生成AI入門】#16「シンメトリー構図」なぜ“左右対称”の構図は美しく見えるのか？,133,5,0,0,0,0,0,0,0,0,0,0,0,0,0,0,0,0,0,0,0,0,-6,💤 停止,2026-03-22
n70720e77e8f6,【画像生成AI入門】#EX005 「クリスマスカフェ」温もりある冬のひと時,54,11,0,0,0,0,0,0,0,0,0,0,0,0,0,0,0,0,0,0,0,0,0,💤 停止,2026-03-22
n7402586b30d8,週末振り返り｜年末怒涛の1週間💦来週は楽をしたい😇,92,9,0,0,0,0,0,0,0,0,0,0,0,0,0,0,0,0,0,0,0,0,0,💤 停止,2026-03-22
n7484a7c8cdc1,雨の日に買う？晴れの日に買う？ビニール傘の“正解”を探してみた,22,5,0,0,0,0,0,0,0,0,0,0,0,0,0,0,0,0,0,0,0,0,-2,💤 停止,2026-03-22
n763bb8c180c2,【画像生成AI入門】#02「ノワール」ってどんな世界？幻想的×近未来の魅力をプロンプトで再現！,57,17,0,0,0,0,0,0,0,0,0,0,0,0,0,0,0,0,0,0,0,0,0,💤 停止,2026-03-22
n77ef0206a0c5,【AIシオンの画像生成入門】#86～90　リサイクル,84,10,0,0,0,0,0,0,0,0,0,0,0,0,0,0,0,0,0,0,0,0,-2,💤 停止,2026-03-22
n794756255fe4,【AI シオンの画像生成入門】#82 「油彩」 筆あとまでリアル！デジタルが名画に変わる魔法🎨,112,19,0,0,0,0,0,0,0,0,0,0,0,0,0,0,0,0,0,0,0,0,0,💤 停止,2026-03-22
n7991816e25f4,【AI シオンの画像生成入門】#90 「切り絵」絵本のような世界観！温かみ溢れるアートの魔法🎨,119,14,0,0,0,0,0,0,0,0,0,0,0,0,0,0,0,0,0,0,0,0,-2,💤 停止,2026-03-22
n7b2022bdfb1e,【祝】コングラボード3冠＆スマニュー掲載！noteを伸ばす「自己紹介」の力,227,21,0,0,0,0,0,0,0,0,0,0,0,0,0,0,0,0,0,0,0,0,-5,💤 停止,2026-03-22
n7e858c84ed9a,日曜日のまったり雑記：スマニュー掲載と、今後の「書きたい」大渋滞,181,26,0,0,0,0,0,0,0,0,0,0,0,0,0,0,0,0,0,0,0,0,-3,💤 停止,2026-03-22
n7f66e1bb638f,毎日投稿が苦手な私でも、『AIシオンの画像生成入門』は#100まで続きました,198,22,0,0,0,0,0,0,0,0,0,0,0,0,0,0,0,0,0,0,0,0,-6,💤 停止,2026-03-22
n80645c86600f,【画像生成AI入門】#59 「ユーモラス」 キャラの魅力を引き出すユーモア表現の使い方,94,10,0,0,0,0,0,0,0,0,0,0,0,0,0,0,0,0,0,0,0,0,-1,💤 停止,2026-03-22
n80bd84f9a272,【AI シオンの画像生成入門】#86 「 版画 」おしゃれなポスター風！かすれとインクの魔法🎨,81,14,0,0,0,0,0,0,0,0,0,0,0,0,0,0,0,0,0,0,0,0,-3,💤 停止,2026-03-22
n841c152fb464,皆さんの活躍に刺激されて、こんな時間に。,60,14,0,0,0,0,0,0,0,0,0,0,0,0,0,0,0,0,0,0,0,0,0,💤 停止,2026-03-22
n8b7db643373a,画像サイズはAIの気分次第！？バナー作成で起きた珍事件,33,5,0,0,0,0,0,0,0,0,0,0,0,0,0,0,0,0,0,0,0,0,0,💤 停止,2026-03-22
n8d16d75b6b5e,【画像生成AI入門】#EX016「 凧あげ 」 プロンプト1つで空に躍動感をプラス！,88,16,0,0,0,0,0,0,0,0,0,0,0,0,0,0,0,0,0,0,0,0,0,💤 停止,2026-03-22
n8d4fa1b1faab,【AI シオンの画像生成入門】#99 「モーションブラー」止まっていた世界が動き出す？🎨,223,17,0,0,0,0,0,0,0,0,0,0,0,0,0,0,0,0,0,0,0,0,-6,💤 停止,2026-03-22
n8d86533cea48,ぐるぐる豆腐から始まった『3つのなぞ』とやさしい学び,42,9,0,0,0,0,0,0,0,0,0,0,0,0,0,0,0,0,0,0,0,0,0,💤 停止,2026-03-22
n93c34cca15ac,【公開準備中】画像生成AIの幅が広がる！Excelで作るプロンプト支援ツール,58,6,0,0,0,0,0,0,0,0,0,0,0,0,0,0,0,0,0,0,0,0,-1,💤 停止,2026-03-22
n96f433315436,【AI シオンの画像生成入門】#92 「霧」朝霧から雲海まで、一言でエモい空気感を作る🎨,97,15,0,0,0,0,0,0,0,0,0,0,0,0,0,0,0,0,0,0,0,0,-2,💤 停止,2026-03-22
n9837f47cf6ad,【画像生成AI入門】#66 「ストリート」＝都会感の正体？AIが理解する服装キーワードとは,95,10,0,0,0,0,0,0,0,0,0,0,0,0,0,0,0,0,0,0,0,0,-1,💤 停止,2026-03-22
n9d081e08ac4e,【画像生成AI入門】#29 ゴールデンアワーで描く静寂とぬくもりの世界,61,1,0,0,0,0,0,0,0,0,0,0,0,0,0,0,0,0,0,0,0,0,0,💤 停止,2026-03-22
na0121cf8936d,【AIシオンの画像生成入門】#108 「公園」誰でも簡単！「日常のキラキラ」を生成するコツ Copilot GPTImage1.5 / Gemini NanoBananaPro 画像比較・解説,275,13,0,0,0,0,0,0,0,0,0,0,0,0,0,0,0,0,0,0,0,0,-8,💤 停止,2026-03-22
na2e6266df33a,【AI シオンの画像生成入門】#87 「インク」が描く、凛とした線の強さと情緒的なにじみ🎨,93,15,0,0,0,0,0,0,0,0,0,0,0,0,0,0,0,0,0,0,0,0,-2,💤 停止,2026-03-22
nac76fc2ff357,【画像生成AI入門】#58「爽快」一瞬で抜け感が出るプロンプト術とは？,78,9,0,0,0,0,0,0,0,0,0,0,0,0,0,0,0,0,0,0,0,0,0,💤 停止,2026-03-22
nb0d05f3bdc62,【画像生成AI入門】#50 「雪」 光×雪でつくる“しっとり系ビジュアル”解説,61,3,0,0,0,0,0,0,0,0,0,0,0,0,0,0,0,0,0,0,0,0,-1,💤 停止,2026-03-22
nb36956516510,【画像生成AI入門】#05「アールヌーボー」ってどんな世界？「アールヌーボー」感をプロンプトで再現！,49,7,0,0,0,0,0,0,0,0,0,0,0,0,0,0,0,0,0,0,0,0,0,💤 停止,2026-03-22
nbb0b3590392e,22時からの0→1達成。毎日投稿で見つけた小さな自信,59,9,0,0,0,0,0,0,0,0,0,0,0,0,0,0,0,0,0,0,0,0,0,💤 停止,2026-03-22
nbb542803864e,「完璧じゃなくていい」と気づいた、日曜午後の育児の話,51,10,0,0,0,0,0,0,0,0,0,0,0,0,0,0,0,0,0,0,0,0,0,💤 停止,2026-03-22
nbbbcbb34e9c3,【画像生成AI入門】#28 「スポットライト」ってこんな効果もあるの！？想像外の光の演出で主題を際立たせる！,81,5,0,0,0,0,0,0,0,0,0,0,0,0,0,0,0,0,0,0,0,0,0,💤 停止,2026-03-22
nbe7315e62db4,【画像生成AI入門】「サイバーパンク」ってどんな世界？未来×退廃の魅力をプロンプトで再現！,62,9,0,0,0,0,0,0,0,0,0,0,0,0,0,0,0,0,0,0,0,0,0,💤 停止,2026-03-22
nc03b0c0ae24a,【画像生成AI入門】#42 「季節=夏」 でAIが“暑さ”を描き出す仕組み,37,4,0,0,0,0,0,0,0,0,0,0,0,0,0,0,0,0,0,0,0,0,0,💤 停止,2026-03-22
nc1eca36a2b0d,【画像生成AI入門】#47 「晴天」で世界観が一変！光の強さが生むドラマチック演出の比較,58,4,0,0,0,0,0,0,0,0,0,0,0,0,0,0,0,0,0,0,0,0,0,💤 停止,2026-03-22
nc92c79598a44,【画像生成AI入門】#13「望遠・ハイアングル」は、ちょっとドラマチックなワンシーン,76,9,0,0,0,0,0,0,0,0,0,0,0,0,0,0,0,0,0,0,0,0,0,💤 停止,2026-03-22
ncc41c89ce687,2025年の振り返り：走りながら考えた4ヶ月間 ✨,98,13,0,0,0,0,0,0,0,0,0,0,0,0,0,0,0,0,0,0,0,0,0,💤 停止,2026-03-22
ncd03dd715923,【画像生成AI入門】#18「全身」ポーズと背景で世界観を広げる,117,7,0,0,0,0,0,0,0,0,0,0,0,0,0,0,0,0,0,0,0,0,-4,💤 停止,2026-03-22
ncd2337bf2a75,【画像生成AI入門】#31 「高精細・ノイズ低め」でここまで変わる！仕上げ設定で失敗していない？,59,5,0,0,0,0,0,0,0,0,0,0,0,0,0,0,0,0,0,0,0,0,-1,💤 停止,2026-03-22
ncd409ae82011,【AI シオンの画像生成入門】#83「 鉛筆スケッチ 」手描きの質感がたまらない！モノクロが映える魔法の言葉🎨,163,28,0,0,0,0,0,0,0,0,0,0,0,0,0,0,0,0,0,0,0,0,-1,💤 停止,2026-03-22
ncee752b30140,【画像生成AI入門】#EX007 「クリスマス電車」サンタのみなさま、お疲れ様です🥰,53,8,0,0,0,0,0,0,0,0,0,0,0,0,0,0,0,0,0,0,0,0,0,💤 停止,2026-03-22
nd0cf9c3743db,【画像生成AI入門】#EX008 「クリスマスカラーの近未来」赤と緑が“未来都市”に変わる,49,13,0,0,0,0,0,0,0,0,0,0,0,0,0,0,0,0,0,0,0,0,0,💤 停止,2026-03-22
nd24f0424e182,【画像生成AI入門】#EX010 「夜景×イルミ橋」良いクリスマスをお過ごしください,67,9,0,0,0,0,0,0,0,0,0,0,0,0,0,0,0,0,0,0,0,0,0,💤 停止,2026-03-22
nd3c182de8957,【公開直前】画像生成AIの幅が広がる！Excelで作るプロンプト支援ツール,55,8,0,0,0,0,0,0,0,0,0,0,0,0,0,0,0,0,0,0,0,0,0,💤 停止,2026-03-22
nd85545f8e6a7,【AIシオンの画像生成入門】#101～104　リサイクル,158,7,0,0,0,0,0,0,0,0,0,0,0,0,0,0,0,0,0,0,0,0,-5,💤 停止,2026-03-22
nd9af100063df,【画像生成AI入門】#EX011 「クリスマスの朝」ふんわり優しい特別な朝を,38,14,0,0,0,0,0,0,0,0,0,0,0,0,0,0,0,0,0,0,0,0,0,💤 停止,2026-03-22
ndd5784622681,【画像生成AI入門】#EX006「クリスマスの料理支度」完成品より“途中”がリアルになる理由,59,8,0,0,0,0,0,0,0,0,0,0,0,0,0,0,0,0,0,0,0,0,-2,💤 停止,2026-03-22
ndd5a611f2571,【画像生成AI入門】#26 「柔らかい光」って何？画像生成AIで“ふんわり雰囲気”をつくる魔法,81,13,0,0,0,0,0,0,0,0,0,0,0,0,0,0,0,0,0,0,0,0,-1,💤 停止,2026-03-22
nde341b369c41,深夜のノリの雑記,53,0,0,0,0,0,0,0,0,0,0,0,0,0,0,0,0,0,0,0,0,0,0,💤 停止,2026-03-22
nde69d2a29e1b,【画像生成AI入門】#57 「安心感」ふわっと温度が上がる画像づくり,71,8,0,0,0,0,0,0,0,0,0,0,0,0,0,0,0,0,0,0,0,0,0,💤 停止,2026-03-22
ne07dcb25fde8,書きたいことリスト,34,2,0,0,0,0,0,0,0,0,0,0,0,0,0,0,0,0,0,0,0,0,0,💤 停止,2026-03-22
ne160b9a4878f,【画像生成AI入門】#07「スチームパンク」ってどんな世界？画像生成AIで冒険世界を創造！,61,11,0,0,0,0,0,0,0,0,0,0,0,0,0,0,0,0,0,0,0,0,0,💤 停止,2026-03-22
ne7bff0f115e1,【画像生成AI入門】#46 「黄昏」の光と影が主題を劇的に変える,40,5,0,0,0,0,0,0,0,0,0,0,0,0,0,0,0,0,0,0,0,0,0,💤 停止,2026-03-22
ne83d4155204c,【画像生成AI入門】#14「マクロ」って何？小さな世界を大きく魅せる！,53,5,0,0,0,0,0,0,0,0,0,0,0,0,0,0,0,0,0,0,0,0,0,💤 停止,2026-03-22
neaab479e0ade,【 新年のご挨拶 】2026年も鮮度良く！デジさしみの新年の抱負と生存戦略,98,20,0,0,0,0,0,0,0,0,0,0,0,0,0,0,0,0,0,0,0,0,0,💤 停止,2026-03-22
nebd799df30e4,【AIシオンの画像生成入門】#81～85　リサイクル,106,19,0,0,0,0,0,0,0,0,0,0,0,0,0,0,0,0,0,0,0,0,0,💤 停止,2026-03-22
nec21a0a92d8e,仕事と家事と…Noteはどこに入るの？,17,0,0,0,0,0,0,0,0,0,0,0,0,0,0,0,0,0,0,0,0,0,0,💤 停止,2026-03-22
nec2a62b23467,"Ignite 2025 から届いた衝撃！Copilot エージェント ""Excel"" が紡ぐ新時代【先行体験レポート】",208,13,0,0,0,0,0,0,0,0,0,0,0,0,0,0,0,0,0,0,0,0,0,💤 停止,2026-03-22
nec46087b6eac,【無料配布】画像生成AIの幅が広がる！Excelで作るプロンプト支援ツール,84,11,0,0,0,0,0,0,0,0,0,0,0,0,0,0,0,0,0,0,0,0,-1,💤 停止,2026-03-22
nf3484c3f5ee5,Excel Agent Modeに改修案を聞く！【デジさしみのAI実験室】 vol.002,190,18,0,0,0,0,0,0,0,0,0,0,0,0,0,0,0,0,0,0,0,0,-9,💤 停止,2026-03-22
nf3a893e534de,【ランダム投稿】生成AIに画像を作ってもらった,151,3,0,0,0,0,0,0,0,0,0,0,0,0,0,0,0,0,0,0,0,0,0,💤 停止,2026-03-22
nf7669814f2e5,【画像生成AI入門】#24 「モノクロ」で描く静けさと感情の深み,57,9,0,0,0,0,0,0,0,0,0,0,0,0,0,0,0,0,0,0,0,0,0,💤 停止,2026-03-22
nf7e41cff914c,生成AIとにらめっこする日々,20,4,0,0,0,0,0,0,0,0,0,0,0,0,0,0,0,0,0,0,0,0,0,💤 停止,2026-03-22
nfca2bec92d3b,Excel vs 新ツール？いや、共存こそが効率化の第一歩なんです,77,14,0,0,0,0,0,0,0,0,0,0,0,0,0,0,0,0,0,0,0,0,-1,💤 停止,2026-03-22
nff385ee95871,【画像生成AI入門】#48 「曇り空」がもたらす柔らかい光と静寂の表現テク,54,2,0,0,0,0,0,0,0,0,0,0,0,0,0,0,0,0,0,0,0,0,0,💤 停止,2026-03-22
